keyword,article_type,priority
格安SIM 20GB おすすめ,comparison,1
楽天モバイル 乗り換え 手順,howto,2
MNP 予約番号 取得方法,howto,3
格安SIM 速度 遅い 対処,troubleshoot,4
LINEMO 評判 デメリット,comparison,5
格安SIM 通話かけ放題 安い,comparison,6
家族 2 回線 安い,comparison,7
NURO 光 料金 キャンペーン,comparison,8
光回線 乗り換え おすすめ,comparison,9
スマホ セット割 比較,comparison,10
ホームルーター おすすめ 一人暮らし,comparison,11
WiMAX 料金 比較 2026,comparison,12
格安SIM 学生 おすすめ,comparison,13
データ無制限 格安SIM,comparison,14
テザリング 格安SIM おすすめ,comparison,15
光回線 マンション おすすめ,comparison,16
工事 不要 光回線,comparison,17
格安SIM 法人 おすすめ,comparison,18
光回線 プロバイダ 違い,comparison,19
格安SIM おすすめ 比較 2026,comparison,20
格安SIM キャリア 比較,comparison,21
楽天モバイル UQモバイル 比較,comparison,22
ahamo povo 比較,comparison,23
LINEMO ahamo 比較,comparison,24
IIJmio 評判 料金,comparison,25
mineo 評判 デメリット,comparison,26
日本通信SIM 評判,comparison,27
NURO 光 auひかり 比較,comparison,28
ソフトバンク光 ビッグローブ光 比較,comparison,29
ドコモ光 光コラボ 比較,comparison,30
光回線 1Gbps 安い,comparison,31
光回線 戸建て おすすめ,comparison,32
モバレコAir WiMAX 比較,comparison,33
ホームルーター 光回線 比較,comparison,34
格安SIM 通話定額 比較,comparison,35
格安SIM 5G 対応 比較,comparison,36
格安SIM シニア おすすめ,comparison,37
格安SIM 子供 おすすめ,comparison,38
格安SIM 副回線 おすすめ,comparison,39
格安SIM 乗り換え おすすめ,comparison,40
光回線 セット割 料金 比較,comparison,41
NURO 光 解約金 比較,comparison,42
WiMAX ホームルーター おすすめ,comparison,43
eSIM 乗り換え 即日,howto,44
iPhone そのまま 格安SIM,howto,45
au ひかり 解約 方法,howto,46
引っ越し 光回線 手続き,howto,47
povo 2.0 使い方,howto,48
楽天モバイル eSIM 設定 方法,howto,49
MNP 乗り換え 手順 初心者,howto,50
格安SIM 開通 手順,howto,51
SIM 差し替え 方法 iPhone,howto,52
Android 格安SIM 設定 方法,howto,53
MNP ワンストップ 手順,howto,54
MNP 予約番号 有効期限 確認,howto,55
格安SIM かけ放題 追加 方法,howto,56
NURO 光 申し込み 手順,howto,57
au ひかり 乗り換え 手順,howto,58
光回線 プロバイダ 変更 方法,howto,59
光回線 引っ越し 乗り換え 手順,howto,60
WiMAX 申し込み 手順,howto,61
WiMAX 解約 手順,howto,62
ホームルーター 設定 方法,howto,63
楽天モバイル 家族割 加入 方法,howto,64
LINEMO 乗り換え 手順,howto,65
ahamo 乗り換え 手順,howto,66
mineo 乗り換え 手順,howto,67
IIJmio 乗り換え 手順,howto,68
テザリング 設定 方法 格安SIM,howto,69
eSIM プロファイル 削除 方法,howto,70
光回線 工事 流れ 準備,howto,71
ソフトバンク光 申し込み 手順,howto,72
ビッグローブ光 乗り換え 手順,howto,73
ドコモ光 乗り換え 手順,howto,74
MNP とは わかりやすく 手順,howto,75
格安SIM 契約 必要書類 準備,howto,76
光回線 開通 いつ,troubleshoot,77
Wi-Fi 速度 遅い 改善,troubleshoot,78
ソフトバンク光 障害 確認,troubleshoot,79
楽天モバイル 圏外 代替,troubleshoot,80
ahamo 大盛り オプション 不要,troubleshoot,81
WiMAX 解約 違約金,troubleshoot,82
格安SIM 繋がらない 対処,troubleshoot,83
格安SIM 音声通話 できない 原因,troubleshoot,84
MNP 予約番号 エラー 対処,troubleshoot,85
eSIM 開通 できない 対処,troubleshoot,86
楽天モバイル 速度 遅い 対処,troubleshoot,87
LINEMO 速度 遅い 対処,troubleshoot,88
ahamo 繋がらない 対処,troubleshoot,89
光回線 遅い 原因 対処,troubleshoot,90
光回線 繋がらない 対処,troubleshoot,91
NURO 光 開通 遅い 原因,troubleshoot,92
au ひかり 工事 遅延 確認,troubleshoot,93
WiMAX 速度 遅い 改善,troubleshoot,94
ホームルーター 繋がらない 対処,troubleshoot,95
テザリング できない 格安SIM,troubleshoot,96
格安SIM 着信 できない 対処,troubleshoot,97
光回線 IPv6 対応 確認 方法,troubleshoot,98
スマホ セット割 反映 されない,troubleshoot,99
格安SIM 解約 後 使えない 対処,troubleshoot,100
